topic,phrase,chinese,seq
Academic Skills,research skills,研究能力, 1
Academic Skills,analytical skills,分析能力, 2
Academic Skills,search the web for information,上网找资料, 3
Academic Skills,do research,做调查, 4
Academic Skills,leadership skills,领导能力, 5
Academic Skills,leadership qualities,领导的素质, 6
Academic Skills,organisational skills,组织能力, 7
Academic Skills,academic skills,学术能力, 8
Academic Skills,problem-solving skills,解决问题的能力, 9
Academic Skills,gather information,收集信息, 10
Academic Skills,critical thinking skills,思辨能力, 11
Academic Skills,computer literacy,电脑能力, 12
Academic Skills,practical skills,实际工作的能力, 13
Academic Skills,sharpen skills/add to the skill set,丰富技能, 14
Air Travel,travel by air,坐飞机出行, 15
Air Travel,air transport,空运, 16
Air Travel,make non-essential trips,进行非必要的旅行, 17
Air Travel,in the airline industry,在航空业, 18
Air Travel,travel expenses,差旅费, 19
Air Travel,tourist attractions,旅游景点, 20
Air Travel,greenhouse gases,温室气体, 21
Air Travel,trap heat from the sun,从太阳吸收热量, 22
Air Travel,unusually warm conditions,异常温暖的气候, 23
Air Travel,air travel,空航, 24
Air Travel,transport...by air,通过飞机运输, 25
Air Travel,price war,价格战, 26
Air Travel,air fares,机票费用, 27
Air Travel,on holiday,度假, 28
Air Travel,a source of pollution,污染源, 29
Air Travel,build up in the atmosphere,聚集在大气中, 30
Air Travel,extreme weather conditions,极端天气, 31
Animal Testing,animal tests,动物实验, 32
Animal Testing,conduct experiments,做实验, 33
Animal Testing,develop a new drug,研发一种新药, 34
Animal Testing,side effect,副作用, 35
Animal Testing,medical tests,药物实验, 36
Animal Testing,medical products,医用品, 37
Animal Testing,animal experiments,动物实验, 38
Animal Testing,animal welfare groups,动物权益团体, 39
Animal Testing,show promising results,有好结果, 40
Animal Testing,exposed to abuse,受到虐待, 41
Animal Testing,alternative methods of research,可代替的研究方法, 42
Animal Testing,skincare products,护肤品, 43
Architecture,historic building,历史建筑, 44
Architecture,heritage building,古建筑, 45
Architecture,cultural site,文化遗址, 46
Architecture,historic site,历史遗址, 47
Architecture,cultural attraction,文化胜地, 48
Architecture,architectural landmark,建筑地标, 49
Architecture,architectural treasure,建筑瑰宝, 50
Architecture,make a trip,进行一次旅行, 51
Architecture,in ancient times,在古时候, 52
Architecture,cultural heritage,文化遗产, 53
Behavioural Problems,good role models,好的榜样, 54
Behavioural Problems,copy behaviour,模仿行为, 55
Behavioural Problems,behave badly,表现得很差, 56
Behavioural Problems,behavioural problems,行为问题, 57
Behavioural Problems,show good manners,表现出礼貌的行为, 58
Behavioural Problems,show respect to (somebody),表现出尊敬, 59
Behavioural Problems,send/take children to school,送孩子去学校, 60
Behavioural Problems,first educators,第一个老师(启蒙老师), 61
Behavioural Problems,domestic violence,家庭暴力, 62
Behavioural Problems,poor behaviour,不良的行为, 63
Behavioural Problems,show aggression,有暴力倾向, 64
Behavioural Problems,social norms,社会规范, 65
Behavioural Problems,speak in a friendly manner,说话有礼貌, 66
Behavioural Problems,pick up children,接孩子, 67
Business,competitive advantages,竞争优势, 68
Business,satisfy the needs,满足需求, 69
Business,stand out from the crowd,脱颖而出, 70
Business,worth a visit,值得去看看, 71
Business,a memorable experience,一次难忘的经历, 72
Business,visual experience,视觉体验, 73
Business,intense competition,激烈的竞争, 74
Business,serve a niche market,服务小众市场, 75
Business,set up a company,创立一个公司, 76
Business,run a successful business,经营一个成功的生意, 77
Business,running cost,运营成本, 78
Business,make profits,赚取利润, 79
Business,go bankrupt,破产, 80
Business,make ends meet,收支相抵, 81
Business,go bust,破产(口语), 82
Business,good value for money,性价比很高, 83
Business,business plans,商业计划, 84
Business,cost reduction measures,减少成本的措施, 85
Business,handle complaints,处理投诉, 86
Car Emissions,curb car use,限制汽车的使用, 87
Car Emissions,create exhaust fumes,产生废气, 88
Car Emissions,cause air pollution,引起空气污染, 89
Car Emissions,suffer from poor health,忍受身体不适, 90
Car Emissions,mitigate problems,缓解问题, 91
Car Emissions,increase the health cost,增加医疗费用, 92
Car Emissions,climate change,气候变化, 93
Car Emissions,car emissions,汽车尾气, 94
Car Emissions,dangerous to our health,对我们的健康产生危害, 95
Car Emissions,tackle pollution,解决污染问题, 96
Car Emissions,poor air quality,空气质量差, 97
Car Emissions,a bad harvest in agriculture,农业收成不好, 98
Car Emissions,global warming,全球变暖, 99
Celebrities,self-made celebrities,依靠自己努力而出名的人, 100
Celebrities,start from scratch,白手起家, 101
Celebrities,lead a life of luxury,过奢侈的生活, 102
Celebrities,designer clothes,名牌的衣服, 103
Celebrities,extravagant parties,奢华的派对, 104
Celebrities,live a frugal life,过节约的生活, 105
Celebrities,drive prestigious cars,开豪车, 106
Celebrities,set a bad example,树立坏的榜样, 107
Celebrities,pursue material goods,追求物质的东西, 108
Celebrities,pop singers,摇滚歌手, 109
Celebrities,movie stars,电影明星, 110
Celebrities,positive role models,正面的榜样, 111
Celebrities,the younger generation,年青一代, 112
Celebrities,sports stars,体育明星, 113
Celebrities,develop skills,培养技能, 114
Celebrities,become world famous,变得世界闻名, 115
Celebrities,role models,楷模, 116
Celebrities,demonstrate determination,表现出决心, 117
Celebrities,achieve success,获得成功, 118
Celebrities,admire celebrities,羡慕名人, 119
Celebrities,famous entertainers,有名的娱乐圈人士, 120
Celebrities,achieve fame,成名, 121
Celebrities,devoted fans,忠实粉丝, 122
Celebrities,famous sportspeople,著名运动员, 123
Celebrities,inspire the next generation,激励下一代, 124
Celebrities,develop talents,发展天赋, 125
Celebrities,emulate idols,模仿偶像, 126
Celebrities,a good influence,积极的影响, 127
Celebrities,encounter difficulties,遇到问题, 128
Charity,charitable organisations,慈善组织, 129
Charity,mobilise resources,调拨资源, 130
Charity,medical aid,医疗救助, 131
Charity,people in need,有需要的人, 132
Charity,live in poverty,生活贫穷的人, 133
Charity,impoverished countries,贫穷国家, 134
Charity,raise funds,筹钱, 135
Charity,international aid,国际援助, 136
Charity,needy people,有需要的人, 137
Charity,basie necessities,日常生活用品, 138
Charity,get rid of poverty,摆脱贫穷, 139
Charity,Third World countries,第三世界的国家, 140
Clothes,follow a dress code,遵守着装要求, 141
Clothes,dress formally,穿着正式, 142
Clothes,present a professional image,展现专业形象, 143
Clothes,social rules,社会规则, 144
Clothes,social etiquette,社交礼仪, 145
Clothes,wear uniforms,穿制服, 146
Clothes,casual dress,休闲服装, 147
Clothes,make a good impression,留下好印象, 148
Clothes,social norms,社会规范, 149
Clothes,public places/spaces,公共场所, 150
Communication,face-to-face communication,面对面交流, 151
Communication,human interaction,人际交往, 152
Communication,facial expression,面部表情, 153
Communication,avoid misunderstandings,避免误解, 154
Communication,listen to others,倾听别人, 155
Communication,communication skills,交流能力, 156
Communication,interpret messages,解释信息;翻译信息, 157
Communication,body language,肢体语言, 158
Communication,a sign of respect,以示尊敬, 159
Communication,a good listener,一个好的听众, 160
Communication,a good communicator,良好的沟通能力;出色的沟通者, 161
Communication,form strong relationships,形成牢固的关系, 162
Communication,live far away from family,住得离家很远, 163
Communication,family life,家庭活动, 164
Communication,live alone,独居, 165
Communication,social activity,社交活动, 166
Community,charity work,慈善工作, 167
Community,community cohesion,社区凝聚力, 168
Community,needy people,有需要的人, 169
Community,gain support,获得帮助, 170
Community,part of community,社区的一分子, 171
Community,a sense of community,社区的感觉, 172
Community,raise funds,筹款, 173
Community,charity groups,慈善团体, 174
Community,give a helping hand,给予帮助, 175
Community,experience difficult times,经历困难时期, 176
Community,members of community,社区的成员, 177
Community,bring people together,让人们聚在一起, 178
Community,musical shows,音乐表演, 179
Computers,computer games,电脑游戏, 180
Computers,educational games,教育类游戏, 181
Computers,computer skills,电脑技能, 182
Computers,computer literacy,计算机素养, 183
Computers,connect to the Internet,联网, 184
Computers,download software,下载软件, 185
Computers,use online communication tools,使用在线交流工具, 186
Computers,store information,存储信息, 187
Computers,process documents,处理文件, 188
Computers,edit photos,编辑照片, 189
Computers,produce videos,制作视频, 190
Consumer Society,consumer societies,消费型社会, 191
Consumer Society,spend more than they earn,入不敷出, 192
Consumer Society,the latest gadgets,最新的电子设备, 193
Consumer Society,pay off debts,还清债务, 194
Consumer Society,low income families,低收入家庭, 195
Consumer Society,buy more than they need,买的东西多过自己需要的, 196
Consumer Society,excess shopping,过度购物, 197
Consumer Society,get into debt,负债, 198
Consumer Society,financial problems,经济问题, 199
Consumer Society,economic pressure,经济压力, 200
Cover letter,a master's degree in accounting,会计硕士, 201
Cover letter,manage financial records,处理财务记录, 202
Cover letter,in the accounting field,在会计领域, 203
Cover letter,accounting competencies,会计能力, 204
Cover letter,manage budgets,处理预算问题, 205
Cover letter,accounting programmes,会计软件, 206
Cover letter,an extensive accounting background,深厚的会计背景, 207
Cover letter,accounting principles,会计准则, 208
Cover letter,in the accounting profession,会计专业, 209
Cover letter,the accountant position,会计职位, 210
Cover letter,bottom line,盈亏底线, 211
Creativity,attend courses,上课, 212
Creativity,apply skills to work,将技能用于工作, 213
Creativity,improve job skills,提高工作能力, 214
Creativity,increase productivity,增加产出, 215
Creativity,come up with creative ideas,想出有创意的点子, 216
Creativity,tackle problems creatively,有创造性地解决问题, 217
Creativity,unconventional measures,非常规手段, 218
Creativity,use imagination,运用想象力, 219
Creativity,educational toy,益智玩具, 220
Creativity,achieve creative potential,发挥创造力, 221
Creativity,brain development,大脑发育, 222
Creativity,have a good grasp of advanced technology,很好地掌握先进科技, 223
Creativity,foster innovation,促进创新, 224
Creativity,make profits,创造利润, 225
Crime,a deterrent effect,威慑作用, 226
Crime,think twice,再三考虑, 227
Crime,curb crime,遏制犯罪, 228
Crime,commit a crime,犯罪, 229
Crime,violate laws,触犯法律, 230
Crime,an escaping criminal,在逃罪犯, 231
Crime,carry weapons,携带武器, 232
Crime,serve a prison term,服刑, 233
Crime,reduce poverty,减少贫穷, 234
Crime,surveillance cameras,视频监控, 235
Crime,escape punishment,逃避惩罚, 236
Crime,prevent crime,阻止犯罪, 237
Crime,combat crime,打击犯罪, 238
Crime,break laws,违反法律, 239
Crime,catch criminals,抓捕罪犯, 240
Crime,armed police,武装警察, 241
Crime,pay a fine,支付罚款, 242
Crime,work as a volunteer,作为志愿者, 243
Crime,vocational/job training,职业培训, 244
Discipline,do some activities,做一些活动, 245
Discipline,from an early age,从幼年开始, 246
Discipline,start school,开始上学, 247
Discipline,parenting styles,父母管教的方式, 248
Discipline,impose sanctions on,施加惩罚, 249
Discipline,stifle creativity,扼杀创造力, 250
Discipline,develop positive habits,培养良好的习惯, 251
Discipline,improve literacy,提高文学素养, 252
Discipline,maintain discipline,维持纪律, 253
Discipline,behavioural problems,行为问题, 254
Discipline,impart a clear code of conduct,传授明确的行为规范, 255
Discipline,act as acceptable members of society,成为社会的好公民, 256
Discipline,good manners,有礼貌, 257
Discipline,grounding and detention,罚站和留堂, 258
Educational Equality,from less well-off backgrounds,来自贫穷的家庭, 259
Educational Equality,children from poor homes,来自贫穷家庭的孩子, 260
Educational Equality,from less well-off families,来自普通家庭, 261
Educational Equality,drop out of school,辍学, 262
Educational Equality,the equal access to education,教育公平, 263
Educational Equality,free-interest loans,无息贷款, 264
Educational Equality,the cost of learning,学习的成本, 265
Educational Equality,reduce poverty,减少贫穷, 266
Educational Equality,disadvantaged students,贫穷的学生, 267
Educational Equality,children from deprived backgrounds,贫穷的孩子, 268
Educational Equality,exempted from tuition fees,免除学费, 269
Educational Equality,educational equality,教育的公平, 270
Educational Equality,study at university,在大学学习, 271
Educational Equality,financial support,财政支持, 272
Educational Equality,break the cycle of poverty,摆脱贫穷, 273
Educational Equality,vocational/job training,职业培训, 274
Educational Equality,bridge the gap between rich and poor,减少贫富差距, 275
Educational Equality,close the economic divide,减少贫富差距, 276
Educational Equality,the education system,教育系统, 277
Educational Equality,higher education,高等教育, 278
Educational Equality,the school system,学校系统, 279
Educational Equality,receive a good education,接受好的教育, 280
Educational Equality,set scholarships,设立奖学金, 281
Educational Equality,a well-educated workforce,受过良好教育的劳动力队伍, 282
Educational Equality,public schools,公立学校, 283
Educational Equality,student loans,学生贷款, 284
Educational Equality,free access to knowledge,免费获取知识, 285
Educational Equality,free education,免费教育, 286
Educational Equality,broadband internet services,宽带服务, 287
Energy Consumption,alternative energy sources,可替代能源, 288
Energy Consumption,renewable resources,可再生资源, 289
Energy Consumption,energy consumption,能源消耗, 290
Energy Consumption,natural light,自然光, 291
Energy Consumption,electric cars,电动汽车, 292
Energy Consumption,car giants,汽车业巨头, 293
Energy Consumption,environmentally friendly materials,环保材料, 294
Energy Consumption,energy efficiency,节能, 295
Energy Consumption,clean energy,清洁能源, 296
Energy Consumption,energy conservation,能源保护, 297
Energy Consumption,generate electricity,发电, 298
Energy Consumption,sustainable materials,可持续材料, 299
Energy Consumption,hybrid cars,混合能源汽车, 300
Energy Consumption,traditional fossil fuels,传统化石燃料, 301
Energy Consumption,energy-saving technology,节能科技, 302
Environmental Problems,environmental problems,环境问题, 303
Environmental Problems,environmental impacts,环境的影响, 304
Environmental Problems,environmental issues,环境议题, 305
Environmental Problems,environmental destruction,环境的破坏, 306
Environmental Problems,cause damage to the environment,对环境造成破坏, 307
Environmental Problems,drop litter,扔垃圾, 308
Environmental Problems,awash with rubbish,充满了垃圾, 309
Environmental Problems,destroy wetlands,破坏湿地, 310
Environmental Problems,clear forest,清理森林, 311
Environmental Problems,damage the beautiful landscape,破坏美好的风景, 312
Environmental Protection,go green,环保, 313
Environmental Protection,environmental protection,环境保护, 314
Environmental Protection,live a sustainable life,过环保的生活, 315
Environmental Protection,environmentally friendly,环保的, 316
Environmental Protection,environmental benefits,环境效益, 317
Environmental Protection,environmental impacts,环境的影响, 318
Environmental Protection,launch massive campaigns,开始大规模的宣传活动, 319
Environmental Protection,environmental awareness,环境意识, 320
Environmental Protection,educate the public about,给大众提供………………方面的教育, 321
Environmental Protection,impose heavy fines,大额罚款, 322
Environmental Protection,rubbish bins,垃圾箱, 323
Environmental Protection,energy conservation,节能, 324
Environmental Protection,recycle waste,回收垃圾, 325
Environmental Protection,household waste/rubbish,家庭垃圾, 326
Exams,devote time,付出时间, 327
Exams,revise for exams,复习备考, 328
Exams,exam grades/exam results,考试成绩, 329
Exams,do homework,做家庭作业, 330
Exams,rote learning,死记硬背, 331
Exams,extra-curricular activities,课外活动, 332
Exams,combine work with pleasure,劳逸结合, 333
Exams,prepare for exams,准备考试, 334
Exams,exam factories,考试工厂(只关注考试的地方), 335
Exams,workload increases,工作量增加, 336
Exams,learn facts by heart,背东西, 337
Exams,find enjoyment,发现乐趣, 338
Exams,pursue a hobby,追求一种爱好, 339
Family,family life,家庭生活, 340
Family,spend quality time,度过宝贵时光, 341
Family,family ties,家庭关系, 342
Family,achieve a work-life balance,实现工作和生活的平衡, 343
Family,family commitments,家庭责任, 344
Family,family dinners,家庭聚餐, 345
Family,family activities,家庭活动, 346
Family,feel lonely,感到孤独, 347
Family,a sense of isolation,孤立感, 348
Family,a loving family,一个有爱的家庭, 349
Family,a sense of loneliness,孤独感, 350
Family,emotional support,情感上的支持, 351
Film,the film industry,电影行业, 352
Film,go to the cinema,去电影院, 353
Film,special effects,特技效果, 354
Film,the box office,票房, 355
Film,top-grossing films,最卖座的电影, 356
Film,big-budget films,大预算电影, 357
Film,star famous actors,由巨星主演, 358
Film,talented filmmakers,有天赋的电影人(制片人), 359
Film,produce high-quality films,制作高质量的电影, 360
Film,domestically produced films,国产电影, 361
Film,locally produced films,当地制作的电影, 362
Food,cook a meal,做饭, 363
Food,cooking skills,做饭技能, 364
Food,life skills,生活技能, 365
Food,prepare meals,准备饭菜, 366
Food,fruits and vegetables,水果和蔬菜, 367
Food,a healthy diet,健康的饮食, 368
Food,a balanced diet,均衡的饮食, 369
Food,fast food,快餐, 370
Food,fizzy drinks,碳酸饮料, 371
Food,fresh ingredients,新鲜的食材, 372
Food,eat fatty food,吃脂肪过多的食物, 373
Food,fish and chips,鱼和薯条, 374
Food,high in salt and sugar,高盐高糖的, 375
Food,combat obesity,对抗肥胖问题, 376
Food Technology,increase yields,增加产量, 377
Food Technology,grow crops,种庄稼, 378
Food Technology,a good harvest,收成很好, 379
Food Technology,apply pesticides,使用杀虫药, 380
Food Technology,food prices,食品价格, 381
Food Technology,genetic engineering,基因工程, 382
Food Technology,resistant to pests,抗虫害, 383
Food Technology,use preservatives,使用防腐剂, 384
Food Technology,grow faster,生长得更快, 385
Food Technology,food production,食品生产, 386
Food Technology,cultivate crops,种庄稼, 387
Food Technology,chemical fertilisers,化肥, 388
Food Technology,pest disease,病虫害, 389
Food Technology,GM food,转基因食品, 390
Food Technology,high-yield crops,高产量的庄稼, 391
Food Technology,intensive farming,高密度农场, 392
Food Technology,mechanised farming,机械化种植, 393
Food Technology,food shortage,食物短缺, 394
Friends,circle of friends,朋友圈, 395
Friends,build up a network of contacts,建立关系网, 396
Friends,make good friends,成为好朋友, 397
Friends,form a good relationship,形成良好的关系, 398
Friends,develop a lifelong friendship,发展一段终生的友谊, 399
Friends,a lasting friendship,持续的友谊, 400
Friends,peer pressure,同辈的压力, 401
Friends,socialise with neighbours,与邻居交往, 402
Friends,gain financial support,获得经济支持, 403
Friends,hang out with friends,与朋友出去玩, 404
Friends,close friends,亲密的朋友, 405
Friends,business opportunities,商业机会, 406
Gender Discrimination,gender discrimination,性别歧视, 407
Gender Discrimination,gender bias,性别偏见, 408
Gender Discrimination,the equal access to education,教育公平, 409
Gender Discrimination,gender gap narrows,缩小性别差距, 410
Gender Discrimination,business leaders,商业领袖, 411
Gender Discrimination,discrimination on the grounds of sex,性别歧视, 412
Gender Discrimination,gender equality,性别平等, 413
Gender Discrimination,gender differences,性别差异, 414
Gender Discrimination,managerial skills,管理技能, 415
Gender Discrimination,members of the board,董事会成员, 416
Gender Discrimination,shatter the glass ceiling,(女性) 打破职位提升的障碍, 417
Gender Discrimination,enter the workforce,进入职场, 418
Gender Discrimination,raise a family/start a family,养家糊口, 419
Gender Discrimination,close the gender gap,减少男女歧视, 420
Global Warming,global warming,全球变暖, 421
Global Warming,greenhouse gases,温室气体, 422
Global Warming,trap heat from the sun,存储来自太阳的热量, 423
Global Warming,unusually warm conditions,异常温暖的气候条件, 424
Global Warming,climate change,气候变化, 425
Global Warming,build up in the atmosphere,聚集在大气中, 426
Global Warming,extreme weather conditions,极端天气条件, 427
Government Intervention,government intervention,政府介入, 428
Government Intervention,launch awareness campaigns,发起宣传活动, 429
Government Intervention,make laws,制定法律, 430
Government Intervention,impose a tobacco tax on,征收烟草税, 431
Government Intervention,stay healthy,保持健康, 432
Government Intervention,government action,政府行为, 433
Government Intervention,introduce laws,颁布法律, 434
Government Intervention,tighten regulations on,加紧监管, 435
Government Intervention,curb smoking,控制吸烟, 436
Government Intervention,prevention is more important than the cure,预防比治疗重要, 437
Greenspaces,public gardens,公共花园, 438
Greenspaces,go for a jog,慢跑, 439
Greenspaces,reduce stress,减轻压力, 440
Greenspaces,flowering plants,开花植物, 441
Greenspaces,do outdoor activities,做户外运动, 442
Greenspaces,feel relaxed,感觉放松, 443
Greenspaces,keep fit,保持身材, 444
Greenspaces,evergreen trees,常青树, 445
Greenspaces,beautiful landscape,美丽的风景, 446
Greenspaces,enjoy the scenery,欣赏风景, 447
Greenspaces,take in the scenery,领略风光, 448
Greenspaces,stunning scenery,极好的景色, 449
Greenspaces,admire the scenery,赞美景色, 450
Happiness,achieve happiness,获得幸福(结果), 451
Happiness,find enjoyment,找到乐趣, 452
Happiness,cover basic needs,满足基本需求, 453
Happiness,a higher standard of living,更高的生活水平, 454
Happiness,feel stressed out,感到紧张, 455
Happiness,family life,家庭生活, 456
Happiness,feel lonely,感到孤独, 457
Happiness,earn money,挣钱, 458
Happiness,enjoy a happy retirement,享受快乐的退休时光, 459
Happiness,experience happiness,感受幸福(过程), 460
Happiness,find joy,找到乐趣, 461
Happiness,improve living standards,改善生活水平, 462
Happiness,live comfortably,过上舒适的生活, 463
Happiness,non-financial factors,非经济因素, 464
Happiness,social life,社会生活, 465
Happiness,earn a decent income,有体面的收入, 466
Happiness,achieve career success,实现职场成功, 467
Happiness,donate money,捐钱, 468
Health,stay healthy,保持健康, 469
Health,endanger health,危害健康, 470
Health,concentrate on work,专注于工作, 471
Health,improve physical health,促进身体健康, 472
Health,prone to health problem,容易有健康问题, 473
Health,achieve ambitions,实现自己的梦想, 474
Health,economic value,经济价值, 475
Health,a sedentary lifestyle,一个久坐的生活方式, 476
Health,harmful to health,对健康有危害, 477
Health,suffer from heart diseases,患上心脏病, 478
Health,sick leave,病假, 479
Health,see doctors,看医生, 480
Health,attain goals,实现自己的目标, 481
Housing,housing shortage,住房短缺, 482
Housing,densely populated cities,人口很多的城市, 483
Housing,make room for,为………………腾出空间, 484
Housing,the housing market,住房市场, 485
Housing,urban planning,城市规划, 486
Housing,redevelop run-down urban areas,重新开发破旧城区, 487
Housing,residential buildings,住宅楼, 488
Housing,state housing,国家房(政府补贴的“公租房”/福利房), 489
Housing,pay a mortgage,付按揭款, 490
Housing,high-rise buildings,高层建筑, 491
Housing,provincial towns,乡镇, 492
Housing,housing developers,房产开发商, 493
Housing,accommodate people,容纳人, 494
Housing,low-density neighbourhoods,低建筑密度的社区, 495
Housing,land-scarce cities,土地稀缺城市, 496
Housing,meet the growing demand for housing,满足对住房日益增长的需求, 497
Housing,demolish old buildings,拆除老房子, 498
Internet,web-based technology,网络科技, 499
Internet,work from home,在家里工作, 500
Internet,teleworking/telecommuting/work at home,远程办公, 501
Internet,shop online,上网购物, 502
Internet,attend online courses,上网课, 503
Internet,travel to work,去公司, 504
Internet,travel a long distance to work,上班路程远, 505
Internet,save time,省时间, 506
Internet,face-to-face communication,面对面的交流, 507
Internet,attend meetings,开会, 508
Internet,avoid rush-hour traffic,避开交通高峰时段, 509
Internet,watch videos online,在网上看视频, 510
Internet,in a formal setting,正式的场合, 511
Internet,social networking websites/social media,社交媒体网站, 512
Internet,video chat programme,视频聊天软件, 513
Job Creation,lose jobs,失去工作, 514
Job Creation,the jobless rate,失业率, 515
Job Creation,create jobs,创造就业机会, 516
Job Creation,make a living,谋生/维持生计, 517
Job Creation,earn money,赚钱, 518
Job Creation,live comfortably,生活得好/过上好日子, 519
Job Creation,population ageing,老龄化, 520
Job Creation,out of work,失业, 521
Job Creation,reduce unemployment,减少失业问题, 522
Job Creation,provide job opportunities,提供就业机会, 523
Job Creation,earn salaries,赚取薪水, 524
Job Creation,feed family,养家, 525
Job Creation,economic recession/an economic crisis,经济危机, 526
Job Creation,foreign brands,外国产品, 527
Job Satisfaction,well-motivated employees,很积极的员工, 528
Job Satisfaction,improve motivation,提高积极性, 529
Job Satisfaction,live a comfortable life,过舒服的生活, 530
Job Satisfaction,pay rise,加薪, 531
Job Satisfaction,a good motivator,一个好的激励因素, 532
Job Satisfaction,a sense of progress,进步感, 533
Job Satisfaction,raise a family,养家糊口, 534
Job Satisfaction,a sense of belonging,归属感, 535
Job Satisfaction,a good working environment,一个好的工作环境, 536
Job Satisfaction,obtain job satisfaction,获得工作满意度, 537
Job Satisfaction,inspire loyalty,让员工更加忠诚, 538
Job Satisfaction,the atmosphere in the workplace,工作环境, 539
Job Satisfaction,flexible patterns of work,灵活的工作模式, 540
Job Satisfaction,a steady career,稳定的职业, 541
Job Seeking,labour market,劳动力市场, 542
Job Seeking,intense competition,激烈的竞争, 543
Job Seeking,find work,找到工作, 544
Job Seeking,steady income,稳定的收入, 545
Job Seeking,cover living expenses,支付生活费, 546
Job Seeking,complete a degree,获得一个学位, 547
Job Seeking,sharpen skills/add to the skill set,丰富技能, 548
Job Seeking,working conditions,工作条件, 549
Job Seeking,working relationship,工作关系, 550
Job Seeking,intensely competitive,竞争激烈, 551
Job Seeking,improve job security,提高工作的稳定性, 552
Job Seeking,lose jobs,失业, 553
Job Seeking,increase earnings,增加收入, 554
Job Seeking,undergo training,接受培训, 555
Job Seeking,meet requirements,符合要求, 556
Knowledge,read books,读书, 557
Knowledge,knowledge-based economy,知识型经济, 558
Knowledge,increase knowledge,增长知识, 559
Knowledge,achieve ambition,实现个人的野心, 560
Knowledge,read articles online,在线阅读文章, 561
Knowledge,acquire knowledge,获得知识, 562
Knowledge,a vital source of knowledge,一个重要的知识来源, 563
Knowledge,digital books,数字图书, 564
Knowledge,broaden minds,开阔思路, 565
Knowledge,broaden horizons,开阔眼界, 566
Knowledge,keep up to date with what is happening,了解最新发生的事情, 567
Knowledge,keep well-informed about,对………………保持消息灵通, 568
Knowledge,educational programmes,教育类电视节目, 569
Language,international language,国际语言, 570
Language,less spoken language,很少人说的语言, 571
Language,endangered language,濒临消失的语言, 572
Language,a means of communication,交流方式, 573
Language,preserve traditions,保护传统, 574
Language,protect languages,保护语言, 575
Language,celebrate festivals,庆祝节日, 576
Language,global language,全球性的语言, 577
Language,minority language,少数民族语言/小语种, 578
Language,mother tongue,母语, 579
Language,cultural identity,文化认同, 580
Language,preserve language diversity,保护语言多样性, 581
Language,cultural diversity,文化多样性, 582
Language,traditional food,传统食物, 583
Laws,commit crimes,违法, 584
Laws,break the law,触犯法律, 585
Laws,obey laws,遵守法律, 586
Laws,face any punishment,面对惩罚, 587
Laws,severe consequences,严重后果, 588
Laws,juvenile delinquency,青少年犯罪, 589
Laws,petty crimes,轻微的犯罪, 590
Laws,racial tensions,种族矛盾, 591
Laws,make fast money,快速赚钱, 592
Laws,violate laws,违反法律, 593
Laws,comply with laws,遵守法律, 594
Laws,a prison sentence,监禁, 595
Laws,youth crime,青少年犯罪, 596
Laws,young offenders,年轻的罪犯, 597
Laws,serious crimes,严重的犯罪, 598
Lifestyle,lead a hectic life,过着忙碌的生活, 599
Lifestyle,live an active life,喜欢运动, 600
Lifestyle,exercise regularly,经常运动, 601
Lifestyle,do sport,做运动(英式常用), 602
Lifestyle,access to exercise equipment,有健身设备, 603
Lifestyle,make way for modern buildings,被现代建筑取代, 604
Lifestyle,live a healthy life,过健康的生活, 605
Lifestyle,live an inactive life,不喜欢运动, 606
Lifestyle,play sport,做运动(美式常用), 607
Lifestyle,indoor activities,室内活动, 608
Lifestyle,green space,绿地, 609
Living Standards,steady jobs,稳定的工作, 610
Living Standards,a well-paid job,收入很高的工作, 611
Living Standards,live comfortably,过很舒适的生活, 612
Living Standards,pay bills,支付生活杂费, 613
Living Standards,lead a happy life,过快乐的生活, 614
Living Standards,steady income,稳定的收入, 615
Living Standards,cover living expenses,支付生活费, 616
Living Standards,afford tuition fees,支付学费, 617
Living Standards,pay off the mortgage,还清房贷, 618
Living Standards,financial difficulties,经济困难, 619
Materialistic World,material possessions,物质财产, 620
Materialistic World,up-to-date equipment,时尚的设备, 621
Materialistic World,purchase the advanced model,买最先进的版本, 622
Materialistic World,the middle class,中产阶级, 623
Materialistic World,live in a materialistic world,生活在物质的社会, 624
Materialistic World,hi-tech products,高科技产品, 625
Materialistic World,status symbol,身份的象征, 626
Materialistic World,buy more than they need,买的东西多过自己需要的, 627
Materialistic World,in a consumer culture,消费社会, 628
Materialistic World,find contentment,开心和满足, 629
Materialistic World,out of touch with the world,与世隔绝, 630
Mechanisation,improve productivity,提高生产力, 631
Mechanisation,do repetitive tasks,执行重复任务, 632
Mechanisation,reduce the workforce,减少劳动力, 633
Mechanisation,mechanised assembly lines,机械化装配线, 634
Mechanisation,automate the process,过程自动化, 635
Mechanisation,computerise the service,服务电脑化, 636
Mechanisation,reduce the labour cost,减少劳动力成本, 637
Mechanisation,improve self-esteem,提升自信, 638
Mechanisation,behind the times,过时, 639
Mechanisation,improve efficiency,提高效率, 640
Mechanisation,replace human labour,取代人类劳动力, 641
Mechanisation,mechanise tasks,机械化任务, 642
Mechanisation,mechanised farming,机械化耕作, 643
Mechanisation,done by hand,手工完成, 644
Mechanisation,industrial robots,工业机器人, 645
Mechanisation,grow the economy,促进经济, 646
Medical Services,easier access to medical services,更加容易接触医疗服务, 647
Medical Services,public hospitals,公办医院, 648
Medical Services,clinical experience,临床经验, 649
Medical Services,contract an illness,患病, 650
Medical Services,a long waiting list,排长队, 651
Medical Services,improve our health,促进我们的健康, 652
Medical Services,invent new drugs,发明新药物, 653
Medical Services,medical equipment,医疗设备, 654
Medical Services,receive medical treatments,接受医疗, 655
Medical Services,high medical expenses,高医疗费用, 656
Medical Services,medical research,医疗调查, 657
Medical Services,in the pharmacy industry,在医药行业, 658
Medical Services,cure diseases,治愈疾病, 659
Medical Services,previously incurable diseases,以前不可治疗的疾病, 660
Medical Services,waste management,垃圾管理, 661
Medical Services,spread of diseases,传播疾病, 662
Medical Services,infectious/contagious diseases,传染病, 663
Medical Services,healthy living,生活健康, 664
Medical Services,boost public health,提升大众健康, 665
Motivated Students,traditional classrooms,传统的教室, 666
Motivated Students,provide instruction,提供指导, 667
Motivated Students,build confidence,建立信心, 668
Motivated Students,develop a serious interest in,培养强烈的兴趣, 669
Motivated Students,improve life expectancy,延长寿命, 670
Motivated Students,study independently,独立学习, 671
Motivated Students,on a one-on-one basis,在一对一的基础上, 672
Motivated Students,maintain enthusiasm for studies,保持对学习的热情, 673
Motivated Students,keep students interested,保持学生的兴趣, 674
Motivated Students,stay self-motivated,保持热情, 675
Motivated Students,a negative attitude towards schooling,对于学业的负面态度, 676
Motivated Students,lack self-discipline,缺乏自制力, 677
Motivated Students,get distracted,分心, 678
Museums,art museums,艺术博物馆, 679
Museums,exhibit artefacts,展览文物, 680
Museums,a connection to the past,连接历史, 681
Museums,enrich cultural lives,丰富文化生活, 682
Museums,open to the public,对公众开放, 683
Museums,free entry,免费进入, 684
Museums,war museums,战争博物馆, 685
Museums,organise an exhibition,举办一个展览, 686
Museums,cultural heritage,文化遗产, 687
Museums,admission fees,门票, 688
Museums,free admission,免费入场, 689
Music,folk songs,民族歌曲, 690
Music,rock music,摇滚音乐, 691
Music,hit songs,热门歌曲, 692
Music,music lover,音乐爱好者, 693
Music,integrate musical styles,综合各种音乐风格, 694
Music,pop songs,流行歌曲, 695
Music,classical music,古典音乐, 696
Music,pop stars,流行歌手, 697
Music,musical instruments,乐器, 698
Music,cultural differences,文化差异, 699
Music,differ from culture to culture,文化和文化之间的差异, 700
Music,western countries,西方国家, 701
News,news reports,新闻报道, 702
News,news organisations,新闻组织, 703
News,professional reports,专业报道, 704
News,broadcast news,播放新闻, 705
News,news outlets,新闻机构, 706
News,news media,新闻媒体, 707
News,gather first-hand information,收集第一手资料, 708
News,a reliable source of information,一条有可靠来源的信息, 709
News,increase ratings,提高收视率, 710
News,sensationalise crimes,夸大犯罪事实, 711
News,mislead the public,误导公众, 712
News,political pressure,政治压力, 713
News,on the spot,现场, 714
News,expand the readership,拓展读者群体, 715
News,cover up political scandals,掩盖政治性的丑闻, 716
News,fake news,虚假新闻, 717
News,in an opinionated way,带有主观看法, 718
News,conceal the truth,隐瞒真相, 719
Older People,older people,老人, 720
Older People,senior citizens,年长者, 721
Older People,out of touch with the world,跟不上时代, 722
Older People,old-fashioned ideas,过时的观念, 723
Older People,the elderly,老者, 724
Older People,the older generation,老一辈, 725
Older People,resistant to change,抵触改变, 726
Older People,fit into the modern world,适应现代社会, 727
Older People,adopt advanced technology,采用高科技, 728
Older People,life experience,生活经历, 729
Older People,make a rash decision,做轻率的决定, 730
Older People,out of touch with the world,与世界脱节, 731
Older People,hold back social progress,阻碍社会进步, 732
Online News,read news online,在网上看新闻, 733
Online News,check online news,阅读网上新闻, 734
Online News,sensible advice,明智的意见, 735
Online News,take risks,冒险, 736
Online News,risk averse,风险规避, 737
Online News,a source of income,收入来源, 738
Online News,a financial burden on,财政负担, 739
Online News,read news stories,看新闻, 740
Online News,have free time,空闲时间, 741
Online News,keep up to date with what is happening,了解最近发生的事情, 742
Online News,watch videos online,看网络视频, 743
Online News,have faster access to news in real time,更快了解到实时新闻, 744
Online News,the live coverage of,实况转播, 745
Online News,TV news,电视新闻, 746
Online News,the delivery of visual information,视频信息的呈现, 747
Online News,news programmes,新闻节目, 748
Online Shopping,run an online business,经营网络商务, 749
Online Shopping,online shops,网店, 750
Online Shopping,an online auction website,竞买的网站, 751
Online Shopping,the cost of operation,运营成本, 752
Online Shopping,place an order,下单, 753
Online Shopping,offer a replacement,换货, 754
Online Shopping,in the comfort of my home,在家里, 755
Online Shopping,fake products,假货, 756
Online Shopping,shoddy goods,不好的产品, 757
Online Shopping,consumer rights,消费者权益, 758
Online Shopping,a code of practice,行业规范, 759
Online Shopping,a business owner,公司老板, 760
Online Shopping,e-commerce websites,电商网站, 761
Online Shopping,retail outlets,零售店, 762
Online Shopping,answer enquiries,回答问题, 763
Online Shopping,make a payment,付款, 764
Online Shopping,grow business,扩大业务, 765
Online Shopping,fit into my schedule,融入自己的日程表, 766
Online Shopping,faulty goods,有问题的产品, 767
Online Shopping,genuine brands,真货, 768
Online Shopping,buying decisions,购买的决定, 769
Partying,throw a party,举办派对, 770
Partying,go to a party,出席派对, 771
Partying,office party,公司里举行的派对, 772
Partying,birthday party,生日宴会, 773
Partying,birthday present,生日礼物, 774
Partying,refreshing drinks,很好喝的饮料(或者酒), 775
Partying,serve drinks,提供酒水, 776
Partying,farewell party,告别宴会, 777
Partying,host a party,举办派对, 778
Partying,attend parties,出席派对, 779
Partying,dinner party,家里举行的聚餐, 780
Partying,birthday cake,生日蛋糕, 781
Partying,blow out candles,吹蜡烛, 782
Partying,housewarming party,入伙聚餐, 783
Partying,karaoke party,k歌的派对, 784
Photos,take photos,拍照, 785
Photos,take a selfie,拍自拍照, 786
Photos,portable device,可移动设备, 787
Photos,take pictures,拍照, 788
Photos,a photo album,相册, 789
Photos,capture special moments,捕捉特别的瞬间, 790
Photos,relive experiences,重温一些(美好的瞬间或者日子), 791
Photos,upload photos,上传相片, 792
Photos,digital cameras,数码相机, 793
Photos,brighten colours,让颜色更加鲜艳, 794
Photos,social networking websites,社交网站, 795
Photos,edit images,编辑相片, 796
Photos,make slow motion movies,制作慢动作电影, 797
Practical Work,do practical work,做实际工作, 798
Practical Work,prepare for working lives,为工作做准备, 799
Practical Work,work placements,实习, 800
Practical Work,well-suited to a job,很适合一份工作, 801
Practical Work,do part-time work,做兼职工作, 802
Practical Work,graduate from university,大学毕业, 803
Practical Work,leave school,毕业, 804
Practical Work,hands-on experience,实践经验, 805
Practical Work,practical experience,实践经验, 806
Practical Work,pursue a career,从事一份工作, 807
Practical Work,improve practical skills,提高实践能力, 808
Practical Work,adapt to the workplace,适应职场, 809
Practical Work,finish high school,高中毕业, 810
Practical Work,take a gap year,高中毕业后的间隔年, 811
Qualities,the education system,教育系统, 812
Qualities,higher education,高等教育, 813
Qualities,receive training,接受培训, 814
Qualities,a sense of responsibility,责任感, 815
Qualities,the school system,学校系统, 816
Qualities,receive a university education,接受大学教育, 817
Qualities,moral principles,道德准则, 818
Qualities,instill virtues into,向………………灌输美德, 819
Qualities,productive members of society,对社会有贡献的人, 820
Qualities,build character,塑造个人品质, 821
Qualities,develop qualities,培养素质, 822
Qualities,show determination to win,必胜的决心, 823
Qualities,in difficult situations,在恶劣的环境下, 824
Qualities,show perseverance,坚韧不拔, 825
Reduce Poverty,disadvantaged students,贫穷的学生, 826
Reduce Poverty,exempted from tuition fees,免除学费, 827
Reduce Poverty,educational equality,教育的公平, 828
Reduce Poverty,free-interest loans,无利息贷款, 829
Reduce Poverty,break the cycle of poverty,摆脱贫穷, 830
Reduce Poverty,close the economic divide,减少贫富差距, 831
Reduce Poverty,set scholarships,设立奖学金, 832
Reduce Poverty,free education,免费教育, 833
Reduce Poverty,children from poor homes,来自贫穷家庭的孩子, 834
Reduce Poverty,drop out of school,辍学, 835
Reduce Poverty,study at university,在大学学习, 836
Reduce Poverty,financial support,财政支持, 837
Reduce Poverty,bridge the gap between rich and poor,减少贫富差距, 838
Reduce Poverty,public schools,公立学校, 839
Reduce Poverty,student loans,学生贷款, 840
Reduce Poverty,free access to knowledge,免费获取知识, 841
Reduce Poverty,broadband internet services,宽带服务, 842
Reduce Poverty,break the cycle of poverty,打破贫穷的恶性循环, 843
Reduce Poverty,afford tuition fees,能支付学费, 844
Reduce Poverty,reduce poverty,减少贫穷, 845
Reduce Poverty,needy people,贫困的人, 846
Reduce Poverty,charitable organisations,慈善组织, 847
Reduce Poverty,people with disabilities,残疾人, 848
Reduce Poverty,afford basic necessities,买得起基本生活必需品, 849
Reduce Poverty,maintain a basic standard of living,维持基本的生活水平, 850
Reduce Poverty,die needlessly,不必要的死亡, 851
Reduce Poverty,suffer from poor health,生病, 852
Reduce Poverty,receive vocational training,接受职业培训, 853
Reduce Poverty,improve job skills,提高工作能力, 854
Reduce Poverty,close the gap between haves and have-nots,减少贫富差距, 855
Reduce Poverty,racial discrimination,种族歧视, 856
Rules,obey rules,遵守规则, 857
Rules,break/violate rules,破坏规则, 858
Rules,ground rules,基本的规则, 859
Rules,break school rules,破坏校规, 860
Rules,adhere to cultural norms,遵守文化规范, 861
Rules,develop positive habits,形成好的习惯, 862
Rules,comply with rules,遵守规则, 863
Rules,establish/set rules,建立规则, 864
Rules,follow golden rules,遵守黄金规则, 865
Rules,violate norms,不遵守社会规范, 866
Rules,show good behaviour,讲礼貌, 867
Rules,company regulations,公司的规定, 868
Selfish People,give a helping hand,伸出援手, 869
Selfish People,show compassion,同情, 870
Selfish People,behave selfishly,做事自私, 871
Selfish People,with a heart of gold,有颗金子般美好的心, 872
Selfish People,responsive to emotional needs,响应情感需求, 873
Selfish People,driven by self-interest,受自身利益驱使, 874
Selfish People,motivated by greed,出于贪婪, 875
Selfish People,cheat in exams,在考试中作弊, 876
Selfish People,gain an unfair advantage over,获取不公平的优势, 877
Selfish People,make easy money,不劳而获, 878
Selfish People,teach moral values,灌输道德观, 879
Shopping,a strong appetite,需求很高, 880
Shopping,traditional values,传统的价值, 881
Shopping,consumer goods,消费品, 882
Shopping,household appliances,家庭用具, 883
Shopping,online stores,网络商店, 884
Shopping,in the comfort of their homes,在舒适的家里, 885
Shopping,shopping malls,购物中心, 886
Shopping,buy...on impulse,冲动买…………………, 887
Shopping,consumer society,消费社会, 888
Shopping,pay by credit card,用信用卡付账, 889
Shopping,a growing demand,需求很高, 890
Shopping,electrical equipment,电子设备, 891
Shopping,shop online,网络购物, 892
Shopping,online retailers,网络零售商, 893
Shopping,on high streets,在购物街, 894
Shopping,shopping streets,购物街, 895
Shopping,steep discounts,大降价, 896
Shopping,consumer culture,消费文化, 897
Skills,educational games,教育游戏, 898
Skills,set rules,设定规则, 899
Skills,good listening skills,良好的倾听技巧, 900
Skills,communication skills,交流能力, 901
Skills,leadership skills,领导能力, 902
Skills,life skills,生活技能, 903
Skills,young players,年轻球员, 904
Skills,outdoor games,户外运动, 905
Skills,express ideas,表达观点, 906
Skills,improve soft skills,改善软技能, 907
Skills,interpersonal skills,人际技能, 908
Skills,physical skills,运动技能, 909
Skills,basic skills,基本技能, 910
Social Activities,keep fit,保持身材, 911
Social Activities,social activity,社会活动, 912
Social Activities,make new friends,交新的朋友, 913
Social Activities,eat out,外出就餐, 914
Social Activities,talking points,话题, 915
Social Activities,watch soccer games,看足球比赛, 916
Social Activities,lead a healthy life,过健康的生活, 917
Social Activities,gather together,聚一起, 918
Social Activities,go out for a meal,外出聚餐, 919
Social Activities,have a coffee,喝咖啡, 920
Social Activities,sports fans,体育迷, 921
Social Activities,live events,直播赛事, 922
Social Activities,do social activities,参加社会活动, 923
Social Activities,mix with others,和他人来往, 924
Social Life,cultural activities,文化活动, 925
Social Life,social life,社会生活, 926
Social Life,socialise with neighbours,和邻居来往, 927
Social Life,release stress,释放压力, 928
Social Life,forget about work,忘记工作, 929
Social Life,join the choir,参加合唱团, 930
Social Life,visit art galleries,参观艺术馆, 931
Social Life,cut stress,减少压力, 932
Social Life,tasks at hand,手边的工作, 933
Social Life,reduce anxiety,缓解紧张情绪, 934
Social Life,a pleasurable experience,非常有趣的经历, 935
Social Life,join a band,参加乐队, 936
Social Norms,conform to social norms,遵守社会规范, 937
Social Norms,show good manners,有礼貌, 938
Social Norms,complete work on time,准时完成工作, 939
Social Norms,handle enquiries politely,礼貌地处理咨询, 940
Social Norms,good work ethic,好的职业道德, 941
Social Norms,a sense of responsibility,责任感, 942
Social Norms,follow social rules,遵守社会规则, 943
Social Norms,show respect to others,尊重他人, 944
Social Norms,arrive punctually,准时到, 945
Social Norms,late for work,上班迟到, 946
Social Norms,build good working relationships,建立好的工作关系, 947
Space Technology,space missions,太空任务, 948
Space Technology,space science,太空科学, 949
Space Technology,space exploration,太空探索, 950
Space Technology,advance knowledge,先进的知识, 951
Space Technology,habitable planets,适合居住的星球, 952
Space Technology,provide shelter for,为………………提供避难所, 953
Space Technology,used commercially,商业化地使用, 954
Space Technology,in the hostile environment,在恶劣的环境里, 955
Space Technology,travel in outer space,太空旅行, 956
Space Technology,population explosion,人口增长, 957
Space Technology,sustain our civilisation,保护我们的文明, 958
Space Technology,protective clothes,保护衣, 959
Space Technology,on the ground,在地面上, 960
Space Technology,an immediate payoff,马上有回报, 961
Sport,play sport,做运动, 962
Sport,moderate intensity activities,强度适中的运动, 963
Sport,go for a jog,去慢跑, 964
Sport,go for a swim,去游泳, 965
Sport,increase blood circulation,促进血液循环, 966
Sport,keep a good body shape,保持好的身材, 967
Sport,lead an inactive life,不运动的生活, 968
Sport,extreme sports,极限运动, 969
Sport,gentle physical exercise,温和的身体锻炼, 970
Sport,mild exercise,温和的锻炼(不刺激的运动), 971
Sport,take a brisk walk,去快跑, 972
Sport,burn calories,燃烧卡路里, 973
Sport,build strength,增强体力, 974
Sport,improve health,促进身体健康, 975
Sport,suffer injuries,受伤, 976
Sport,professional trainers,专业的教练, 977
Stress,economic pressure,经济压力, 978
Stress,combine work and family commitments,协调好工作和家庭之间的关系, 979
Stress,work commitments,工作投入, 980
Stress,find time,找到时间, 981
Stress,reduce stress,减少压力, 982
Stress,a source of stress,压力的来源, 983
Stress,feel relaxed,感到轻松, 984
Stress,material goods,物质的东西, 985
Stress,time management skills,时间管理, 986
Stress,financial difficulties,财政困难, 987
Stress,a tight schedule,时间很紧, 988
Stress,put a severe strain on,对………………施加更大的压力, 989
Stress,cope with stress,应付压力, 990
Stress,feel stressed,感到压力, 991
Stress,cost of living,生活费用, 992
Stress,avoid procrastination,避免拖延, 993
Study Abroad,go overseas,到国外, 994
Study Abroad,study abroad,出国学习, 995
Study Abroad,in a globalised world,在全球化的世界中, 996
Study Abroad,from diverse backgrounds,来自不同背景, 997
Study Abroad,pick up a foreign language,学习一门外语, 998
Study Abroad,master another language,精通另一门语言, 999
Study Abroad,fluent in the first language,母语流利, 1000
Study Abroad,immerse themselves in a foreign language,将他们自己浸泡在一门外语里, 1001
Study Abroad,language skills,语言能力, 1002
Study Abroad,prestigious universities,著名大学, 1003
Study Abroad,multinational enterprises,跨国企业, 1004
Study Abroad,expand horizons,开阔视野, 1005
Study Abroad,have a broader view of life,人生的视野更加开阔, 1006
Study Abroad,experience the world,感受世界, 1007
Talent,specialise in a subject,专注于一个学科, 1008
Talent,career prospects,职业前景, 1009
Talent,career opportunities,工作机会, 1010
Talent,bright students,聪明的学生, 1011
Talent,a natural talent in,在………………方面天生的才能, 1012
Talent,do calculations,做计算, 1013
Talent,study a subject,学习一门学科, 1014
Talent,well-paid jobs,待遇优厚的工作, 1015
Talent,develop a talent,发展特长, 1016
Talent,academically gifted,学习上有天赋, 1017
Talent,mathematical talents,数学才能, 1018
Talent,build expertise,建立专业知识, 1019
Talent,put...in an advantageous position,把………………放在有利位置, 1020
Talent,tedious job,一个乏味的工作, 1021
Teachers/Schools,teach courses,教课, 1022
Teachers/Schools,teach subjects,教课, 1023
Teachers/Schools,the school system/the education system,教育系统, 1024
Teachers/Schools,receive a well-rounded education,学习全面的知识, 1025
Teachers/Schools,start school,上学, 1026
Teachers/Schools,core subjects,主科, 1027
Teachers/Schools,enter university,上大学, 1028
Teachers/Schools,engage children,激励孩子们, 1029
Teachers/Schools,attend school,上学, 1030
Teachers/Schools,learning outcomes,学习效果, 1031
Teachers/Schools,the school curriculum,学校课程/课程大纲, 1032
Teachers/Schools,attend university,上大学, 1033
Teachers/Schools,lively and stimulating,生动又新颖的, 1034
Teachers/Schools,class activities,课堂活动, 1035
Teachers/Schools,curriculum content,课程内容, 1036
Teamwork,work collaboratively,一起工作, 1037
Teamwork,work as a team,一个团队一起工作, 1038
Teamwork,team assignments,团队作业, 1039
Teamwork,raising money for charity,为慈善机构筹款, 1040
Teamwork,save/shorten time,节省时间, 1041
Teamwork,complete a project,完成项目, 1042
Teamwork,uncover benefits,发现(别人的)贡献, 1043
Teamwork,work closely with,和………………密切合作, 1044
Teamwork,team projects,团队项目, 1045
Teamwork,team sport,团队运动, 1046
Teamwork,collaborative teamwork,团队合作, 1047
Teamwork,divide the effort,分担任务, 1048
Teamwork,embark on another team project,开始一个团队项目, 1049
Teamwork,make decisions as a group,团队一起做决定, 1050
Technology,technological advances,科技的进步, 1051
Technology,state-funded scientific research,政府资助的科学研究, 1052
Technology,scientific institutions,科学机构, 1053
Technology,technological innovations,技术的创新, 1054
Technology,advanced technology,先进科技, 1055
Technology,state-of-the-art technology,最新技术, 1056
Technology,technological breakthroughs,技术突破, 1057
Technology,improve the environment,保护环境, 1058
Technology,medical advances,医学进步, 1059
Technology,technological change,技术的改变, 1060
Technology,new technology,新技术, 1061
Technology,cutting-edge technology,高新技术, 1062
Technology,the hi-tech industry,高新技术产业, 1063
Technology,reduce diseases,减少疾病, 1064
Technology,fight hunger,减少饥荒, 1065
Technology,space technology,太空技术, 1066
Telecommunications,telecommunications technology,电信技术, 1067
Telecommunications,mobile devices,移动设备, 1068
Telecommunications,instant messaging,即时消息, 1069
Telecommunications,on the phone,在手机上, 1070
Telecommunications,fax machines,传真机, 1071
Telecommunications,the access to Internet services,接入互联网服务, 1072
Telecommunications,maintain a lifelong relationship,保持终身的关系, 1073
Telecommunications,stay in touch with,和………………保持联系, 1074
Telecommunications,use a mobile phone,使用移动电话, 1075
Telecommunications,text messaging,短信, 1076
Telecommunications,via email,通过电子邮件, 1077
Telecommunications,on the computer,在电脑上, 1078
Telecommunications,online services,在线服务, 1079
Telecommunications,travel by air,乘飞机旅行, 1080
Telecommunications,forge a strong relationship,形成牢固的关系, 1081
Teleworking,work from home,在家远程办公, 1082
Teleworking,work at home,在家工作(工作地点是自己的家), 1083
Teleworking,paperless office,"使用现代办公设备(如传真机和电脑)的办公室,也可以说“无纸办公室”", 1084
Teleworking,travel to and from work,上下班, 1085
Teleworking,stay self-motivated,保持积极性, 1086
Teleworking,enter the workforce,参加工作, 1087
Teleworking,flexible working hours,灵活的工作时间, 1088
Teleworking,sacrifice family life,牺牲家庭生活, 1089
Teleworking,show discipline,自律, 1090
Teleworking,show initiative,表现主动性, 1091
Teleworking,combine work and raising a family,兼顾工作和家庭, 1092
Teleworking,work commitments,工作的责任, 1093
Tourism,create revenues,产生收入, 1094
Tourism,tourist attractions,旅游胜地, 1095
Tourism,the tourist sector,旅游业, 1096
Tourism,attract tourists,吸引游客, 1097
Tourism,tourist destinations,旅游目的地, 1098
Tourism,go sightseeing,去观光, 1099
Tourism,a driver of economic growth,一个经济增长的驱动力, 1100
Tourism,an important part of the economy,经济的重要组成部分, 1101
Tourism,a source of income,收入来源, 1102
Tourism,create jobs,创造就业机会, 1103
Tourism,create employment/generate employment,创造就业机会, 1104
Tourism,charge admission fees,收取门票, 1105
Traffic Congestion,reduce traffic congestion,减少交通阻塞, 1106
Traffic Congestion,rush-hour traffic,高峰期的交通, 1107
Traffic Congestion,within walking distance,步行就可以到, 1108
Traffic Congestion,driving license,驾驶执照, 1109
Traffic Congestion,car ownership,拥有汽车, 1110
Traffic Congestion,congestion tax,交通阻塞税, 1111
Traffic Congestion,creative industry,创意产业, 1112
Traffic Congestion,cope with traffic jams,处理交通阻塞, 1113
Traffic Congestion,cycle to work,骑自行车去上班, 1114
Traffic Congestion,driving test,驾照考试, 1115
Traffic Congestion,curb private car use,限制私人汽车的使用, 1116
Traffic Congestion,fuel tax,汽油税, 1117
Traffic Congestion,broaden roads,扩宽道路, 1118
Traffic Congestion,build new roads,修路, 1119
Traffic Congestion,use public transport,使用公共交通, 1120
Traffic Congestion,car pooling,拼车, 1121
Transportation,drive cars,开车, 1122
Transportation,travel by air,坐飞机, 1123
Transportation,private car use,私家车的使用, 1124
Transportation,ways to get around,出行的方式, 1125
Transportation,get to and from work,上下班, 1126
Transportation,travel a long distance,走很长的路程, 1127
Transportation,travel to the central office,去中心办公区, 1128
Transportation,raise standards,提升标准, 1129
Transportation,pedestrianise streets,步行街, 1130
Transportation,reduce car emissions,减少汽车尾气, 1131
Transportation,travel by car,开车旅行, 1132
Transportation,travel by tube,坐地铁, 1133
Transportation,means/modes of travel,旅行方式, 1134
Transportation,use public transport,使用公共交通工具, 1135
Transportation,daily commuters,上班族, 1136
Transportation,suburban commuters,郊区的上班族, 1137
Trees,plant trees,种树, 1138
Trees,tree-lined avenues,林荫大道, 1139
Trees,a view of nature,自然景观, 1140
Trees,provide the shade,提供阴凉, 1141
Trees,absorb dust,吸尘, 1142
Trees,plant life,植物, 1143
Trees,cut down trees,砍树, 1144
Trees,lined with trees,(街道)两边种满了树, 1145
Trees,feel close to nature,亲近自然, 1146
Trees,provide shelter,提供休憩处, 1147
Trees,evergreen trees,常青树, 1148
Trees,flower garden,花园, 1149
University Subjects,offer employment possibilities,提供就业机会, 1150
University Subjects,complete degree courses,完成学业, 1151
University Subjects,an investment of time and money,投入时间和金钱, 1152
University Subjects,take subject courses,上专业课, 1153
University Subjects,fill knowledge gap,填补(劳动力市场上的)知识空白, 1154
University Subjects,pursue a career,从事一份工作, 1155
University Subjects,academic courses,学术课程, 1156
University Subjects,preferred areas of study,偏爱的学习领域, 1157
University Subjects,passionate about,对………………有热情, 1158
University Subjects,develop talents,发掘天赋, 1159
University Subjects,financial circumstances,财政情况, 1160
University Subjects,vocational courses,职业课程, 1161
University Subjects,areas of knowledge,领域知识, 1162
University Subjects,match interests,符合兴趣, 1163
University Subjects,study with enthusiasm,有兴趣去学习, 1164
University Subjects,career success,事业上的成功, 1165
University Subjects,employment opportunities,就业机会, 1166
Urbanisation,relocate to cities,搬去城市, 1167
Urbanisation,keep pace with the demand,满足需求, 1168
Urbanisation,afford home ownership,买得起房子, 1169
Urbanisation,reduce the quality of life,影响生活质量, 1170
Urbanisation,a growing population,不断增长的人口, 1171
Urbanisation,population expansion,人口扩张, 1172
Urbanisation,put pressure on,增加压力, 1173
Urbanisation,public transport service,公共交通服务, 1174
Urbanisation,transport costs,交通费用, 1175
Urbanisation,population is mobile,人口流动大, 1176
Urbanisation,valuable services/ essential services,和民生有关的服务, 1177
Waste,consumer goods,消费者商品, 1178
Waste,consumer products,消费者产品, 1179
Waste,contaminate the environment,污染环境, 1180
Waste,industrial waste,工业浪费, 1181
Waste,drop litter,扔垃圾, 1182
Waste,incinerate waste,焚烧垃圾, 1183
Waste,enter the food chain,进入食物链, 1184
Waste,household goods,家庭用品, 1185
Waste,end up in landfill sites,填埋在垃圾场, 1186
Waste,household waste,家庭垃圾, 1187
Waste,household rubbish,家庭垃圾, 1188
Waste,dump waste,扔垃圾, 1189
Waste,dispose of waste,处理垃圾, 1190
Waste,hazardous waste,有害的垃圾, 1191
Water,fresh water,淡水, 1192
Water,tap water,自来水, 1193
Water,a threat to public health,一个对公众健康的威胁, 1194
Water,water pollution,水污染, 1195
Water,contaminate water,污染水, 1196
Water,heavily polluted,污染严重, 1197
Water,a clean water supply,一个干净水源, 1198
Water,bottled water,瓶装水, 1199
Water,soil erosion,水土流失, 1200
Water,untreated sewage,未经处理的废水, 1201
Water,underground water,地下水, 1202
Water,boil water,开水, 1203
Water,poor sanitation,恶劣的卫生状况, 1204
Water,water consumption,耗水量, 1205
Water,efficiency in water use,有效用水, 1206
Wildlife Preservation,human activities,人类活动, 1207
Wildlife Preservation,destroy the forest,破坏森林, 1208
Wildlife Preservation,oil drilling,开采石油, 1209
Wildlife Preservation,biodiversity loss,生物多样性下降, 1210
Wildlife Preservation,the loss of biodiversity,生物多样性的缺失, 1211
Wildlife Preservation,endangered species,濒危物种, 1212
Wildlife Preservation,poor farming practices,不好的耕种模式, 1213
Wildlife Preservation,mine coal,开采煤田, 1214
Wildlife Preservation,animal die out,动物灭绝, 1215
Wildlife Preservation,intensive farming,密集耕种, 1216
Wildlife Preservation,improve biodiversity,改善生物多样性, 1217
Wildlife Preservation,rare animals,稀有物种, 1218
Wildlife Preservation,cause damage to the environment,对环境造成危害, 1219
Wildlife Preservation,toxic chemicals,有毒的化学品, 1220
Wildlife Preservation,habitat destruction,栖息地破坏, 1221
Wildlife Preservation,on the verge of extinction,濒临灭绝, 1222
Wildlife Preservation,face a high risk of extinction,面临很高的灭绝风险, 1223
Women in the Workforce,male-dominated industries,男性占主导地位的行业, 1224
Women in the Workforce,clerical work,白领工作, 1225
Women in the Workforce,juggle different roles,扮演不同的角色, 1226
Women in the Workforce,balance work and family commitments,平衡工作和家庭责任的关系, 1227
Women in the Workforce,domestic responsibilities,家庭责任, 1228
Women in the Workforce,child-rearing duties,抚养孩子的责任, 1229
Women in the Workforce,high-paying industries,高薪行业, 1230
Women in the Workforce,a fulfilling career,令人满意的事业, 1231
Women in the Workforce,maternity leave,产假, 1232
Women in the Workforce,career choices,职业选择, 1233
Women in the Workforce,domestic work,家务活, 1234
Women in the Workforce,raise children,抚养孩子, 1235
Women in the Workforce,advance one's career,发展某人的事业, 1236
Women in the Workforce,career success,事业成功, 1237
Women in the Workforce,physically demanding jobs/manual work,体力活, 1238
Work Overtime,work unsocial hours,非正常时间上班, 1239
Work Overtime,work long hours,长时间工作, 1240
Work Overtime,lack of sleep,缺乏睡眠, 1241
Work Overtime,suffer from insomnia,失眠, 1242
Work Overtime,physical activity,身体锻炼, 1243
Work Overtime,health problems,健康问题, 1244
Work Overtime,work overtime,加班工作, 1245
Work Overtime,high-stress jobs,压力大的工作, 1246
Work Overtime,sleep deprivation,缺乏睡眠, 1247
Work Overtime,do exercise,运动, 1248
Work Overtime,in poor health,身体状况不好, 1249
Zoo,animal in captivity,被关住的动物, 1250
Zoo,lose freedom,失去自由, 1251
Zoo,natural behaviour,天生的行为, 1252
Zoo,fierce animals,猛兽, 1253
Zoo,in the wild,在野外, 1254
Zoo,locked in cages,被关在笼子里, 1255
Zoo,freedom is restricted,自由受到限制, 1256
Zoo,hunting instincts,狩猎的天性, 1257
Zoo,reintroduce species,将动物放回(野外), 1258
Zoo,human-caused disturbances,人类(对动物造成)的干扰, 1259
Zoo,manmade environment,人工环境, 1260
Zoo,illegal hunting,非法狩猎, 1261
Zoo,animal testing,动物实验, 1262
Zoo,raise pets,养宠物, 1263
Zoo,artificial environment,人工环境, 1264
Zoo,exhibit animals,展出动物, 1265
Zoo,kill animals for meat,杀动物来吃肉, 1266
