形成责任感, develop a sense of responsibility
发展他们的社会交往技能, develop their social skills
只有有限的可用资金, have limited funds to spend
做志愿者工作，做义工, do voluntary work
加剧气候的变化, contribute to climate change
教孩子明辨是非, teach children to tell the difference between right and wrong
和他们沟通, communicate with them
无法实现工作和家庭之间的平衡, cannot achieve a work-family balance
减少不平等现象, reduce inequality
提高公众的……意识, raise public awareness
开展大规模的宣传活动来……, launch a compaign of
【BBC例句】一起阅读是增进家庭亲情的好方法，同时还能获得乐趣和知识。, Reading together is a good way to build family bonds while gaining fun and knowledge simutaneously.