为他们提供职业教育, provide them with vocational training | offer them vocational training
把人们团结到一起, unite people
让儿童变得更有创造力的, make children more creative
是他们的文化传承的一个重要部分, is a key part of their cultural heritage
让城市变得更有趣而且令人愉快, make cities more interesting and enjoyable
文化差异（名词短语）, cultural differences
多元文化社会（名词短语）, multi-cultural society
过度地依赖社交媒体, rely heavily on social media
尊重文化差异, respect cultural differences
预防犯罪, prevent crime
从根本上解决犯罪问题, address the root causes of crime
（囚犯）被和他们的亲友分开, be separated from their family and friends
（儿童）很容易受媒体的影响, be easily influenced by the media
提升民族的自豪感, rise national pride