develop their skills,发展他们的技能
develop,发展
improve,提高
boost,提升
independent thinking skills,独立思考的技能
problem-solving skills,解决问题的技能
social skills,社会交往的技能
teamwork skills,团队合作技能
reading and writing skills,读写技能
communication skills,沟通技能
computer skills,计算机技能
foreign language skills,外语技能
develop good learning habits,形成良好的学习习惯
learn more efficiently,更高效地学习
deepen their understanding of ...,深化他们对……的理解
gain knowledge about ...,获取关于……的知识
learn knowledge,学习知识
boost their brain development,促进（儿童的）大脑发育
improve their problem-solving skills,提高他们解决问题的能力
Playing chess can boost children's brain development.,下棋可以促进儿童的大脑发育
Video games can improve players' problem-solving skills.,电子游戏可以提高玩家的问题解决能力
encourage their imagination,激发他们的想象力
think creatively,有创意地思考
expand their horizons,开阔他们的眼界
broaden their horizons,拓宽他们的眼界
improve their social skills,提高他们的社会交往能力
develop their teamwork skills,发展他们的团队合作能力
work closely together,一起紧密地合作
improve their teamwork skills,提高他们的团队合作技能
increase their independence,增强他们的独立性
make shopping more efficient,让购物变得更高效
make communication more efficient,让沟通变得更高效
make the best use of their time,更充分地利用他们的时间
is a waste of their time,是浪费他们的时间
boost efficiency,提高效率
boost productivity,提高生产率
boost their performance,提升他们的（学习或者工作的）表现
A work-life balance can boost employees' performance.,工作与生活的平衡可以提升员工的表现
make life more convenient and comfortable,让生活变得更方便舒适
technological innovations,科技创新(名词短语)
artificial intelligence,人工智能(名词短语)
self-driving cars,无人驾驶汽车(名词短语)
help them prepare for employment,帮助他们为就业做准备
gain practical experience,获取实践经验
Law schools often send their students to gain practical experience by giving free advice to people in need.,法学院经常派学生通过向有需要的人提供免费建议来获得实践经验
have more job opportunities,有更多的就业机会
achieve their potential,充分发挥出他们的潜力
achieve their goals,实现他们的目标
save time and energy,节省时间和精力
make learning more efficient,让学习变得更高效
