发展他们的技能,develop their skills
发展,develop
提高,boost
提升,rise
独立思考的技能,independent thinking skills
解决问题的技能,problem-solving skills
社会交往的技能,social skills
团队合作技能,teamwork skills
读写技能,reading and writing skills
沟通技能,communication skills
计算机技能,computer skills
外语技能,foreign language skills
形成良好的学习习惯,develop good learning skills
更高效地学习,study more effectively
深化他们对……的理解,deepen their understanding of
获取关于……的知识,gain the knowledge about
学习知识,obtain the knowledge
促进（儿童的）大脑发育,boost their brain development
提高他们解决问题的能力,development their problem-solving skills
下棋可以促进儿童的大脑发育,Playing chess can boost childrens' brain development.
电子游戏可以提高玩家的问题解决能力,Video games could development players' problem-solving skills.
激发他们的想象力,increase their imagination skills
有创意地思考,think creatively
开阔他们的眼界,broaden their horizons
拓宽他们的眼界,expand their horizons
提高他们的社会交往能力,cultivate their social skills
发展他们的团队合作能力,boost their teamwork skills
一起紧密地合作,working closly together
提高他们的团队合作技能,develop their teamwork skills
增强他们的独立性,develop their independency
让购物变得更高效,make the shopping more effectively
让沟通变得更高效,make the communication more effectively
更充分地利用他们的时间,make the most use their time
是浪费他们的时间,is a waste of time
提高效率,increase efficiency
提高生产率,increase productivity
提升他们的（学习或者工作的）表现,increase their performance
工作与生活的平衡可以提升员工的表现,A work-life balance could boost employees' productivity.
让生活变得更方便舒适,Make life more convenient and comfortable
科技创新(名词短语),technological innovations
人工智能(名词短语),artificial intelligence
无人驾驶汽车(名词短语),self-driving cars
帮助他们为就业做准备,help them prepare for work.
获取实践经验,gain practical experience
法学院经常派学生通过向有需要的人提供免费建议来获得实践经验,The law schools always help their students gain practical experience by letting them help people in need.
有更多的就业机会,have more work opportunities
充分发挥出他们的潜力,achieve their whole potential
实现他们的目标,achieve their goals
节省时间和精力,save their time and energy
让学习变得更高效,make study more effective
