发展他们的技能, develop their skills
发展, develop
提高, improve
提升, boost
独立思考的技能, independent thinking skills
解决问题的技能, problem solving skills
社会交往的技能, social skills
团队合作技能, teamwork skills
读写技能, reading and writing skills
沟通技能, communication skills
计算机技能, computer skills
外语技能, foreign language skills
形成良好的学习习惯, develop/cultivate good study/learning skills
更高效地学习, learn more efficiently
深化他们对……的理解, deepen their knowledge of
获取关于……的知识, gain knowledge of 
学习知识, gain knowledge
促进（儿童的）大脑发育, boost their brain development(?)
提高他们解决问题的能力, improve their problem solving skills
下棋可以促进儿童的大脑发育, playing chess could boost their brian development(?)
电子游戏可以提高玩家的问题解决能力, video games could improve players' problem solving skills
激发他们的想象力, stimulate/incentive/improve their imagination
有创意地思考, think creatively
开阔他们的眼界, broaden their horizons
拓宽他们的眼界, expand their horizons
提高他们的社会交往能力, develop/boost their social skills
发展他们的团队合作能力, develop their teamwork skills
一起紧密地合作, work closely together
提高他们的团队合作技能, boost / develop their teamwork skills
增强他们的独立性, improve their independence
让购物变得更高效, make shopping more efficient
让沟通变得更高效, make communication more efficient
更充分地利用他们的时间, optimize their time usage/make the most of their time/use their time more efficiently
是浪费他们的时间, is a waste of their time
提高效率, boost efficiency
提高生产率, boost productivity
提升他们的（学习或者工作的）表现, boost their performance
工作与生活的平衡可以提升员工的表现, a work-life balance could boost employee's performance
让生活变得更方便舒适, make life more convenient and comfortable
科技创新(名词短语), technological innovations
人工智能(名词短语), artificial intellingence(?)
无人驾驶汽车(名词短语), self-driving cars
帮助他们为就业做准备, help them prepare for employment
获取实践经验, gain practical experiece
法学院经常派学生通过向有需要的人提供免费建议来获得实践经验, Law schools often send their students to people in need to gain practical experience by offering free suggestions
有更多的就业机会, have more job opportunities
充分发挥出他们的潜力, achieve their potential
实现他们的目标, achieve their goal
节省时间和精力, save time and energy
让学习变得更高效, make study/learning more efficient
